timestamp	relative_path	file_size	sha256	file_type	status
2026-09-27T11:55:19Z	recovered-artifacts/001_generation_reference.cpp	3647	9d800a0b7d3a8c945ec8b49442f20ad441f37b03b172b7e26e5a48d11c5b5a1a	C++ source	PRESENT_UNMODIFIED
2026-09-27T11:55:19Z	recovered-artifacts/002_generation_reference.h	816	823beb8d4e481dfd48024ce5c0370b58538093375378b343b3840bc1e5cf3f49	C/C++ header	PRESENT_UNMODIFIED
2026-09-27T11:55:19Z	recovered-artifacts/003_sequence_reference_tests.cpp	1180	ffbffbdc3e8fbfb8bc7b06d8639a397b01c24cbe491716b2ff6fcda7a551be1b	C++ source	PRESENT_UNMODIFIED
2026-09-27T11:55:19Z	recovered-artifacts/004_sequence_reference.cpp	2003	4998c3d1c11e761612d3bc76c116e439016da4a35990721e84d8e6a4251d3012	C++ source	PRESENT_UNMODIFIED
2026-09-27T11:55:19Z	recovered-artifacts/005_sequence_reference.h	617	3b9b8018b0952f2d19ab0cc0690bbadbbe6be246e71796d0ef466a67b596dd5a	C/C++ header	PRESENT_UNMODIFIED
2026-09-27T11:55:19Z	recovered-artifacts/006_تقرير_الوصول_الحالي_WAQTI_Runtime_2026-09-27.md (title: "تقرير الوصول الحالي — WAQTI Independent Qwen Runtime")	8250	afeae94a7bda176e6be640cd03da9a7dc1c792c8e67f84adf67c7ce7ff5c3a6a	Other	PRESENT_UNMODIFIED
2026-09-27T11:55:19Z	recovered-artifacts/007_WAQTI_RUNTIME_PROGRESS_HANDOFF.md (title: "Waqti Runtime — Progress & Handoff")	1338	48333a2fb47779eb465da5c76f24b9dc04b1f050c08f9fad34ccedcc7155eb46	Other	PRESENT_UNMODIFIED
2026-09-27T11:55:19Z	recovered-artifacts/008_attention_reference.cpp	5817	270c18e49f4d5141b305042dba18d94dda37849411efd1663c911c829ceaa96a	C++ source	PRESENT_UNMODIFIED
2026-09-27T11:55:19Z	recovered-artifacts/009_transformer_layer.cpp	7395	a0f50bb9f1623f7c220067059670bc6d7812d981423d5128a8d78be3dfef224a	C++ source	PRESENT_UNMODIFIED
2026-09-27T11:55:19Z	recovered-artifacts/010_waqti_multitoken_golden.py	5707	b63f0817cd0d7bfd75cdbf3ce3fe005484a4662a9773f7dbb18e301f420310b1	Python source	PRESENT_UNMODIFIED
2026-09-27T11:55:19Z	recovered-artifacts/011_export_multitoken.cpp	1204	e6e7e37354747ac64a83df8fa7ceee8dc660e14a005365cb43140e6a736d1c27	C++ source	PRESENT_UNMODIFIED
2026-09-27T11:55:19Z	recovered-artifacts/012_ OpenDroid.")	5896	56f51577a030dda2cbadbc7b635acd2404a442d54abedd0bc9251f44e6da8340	Other	PRESENT_UNMODIFIED
2026-09-27T11:55:19Z	recovered-artifacts/013_WAQTI_RUNTIME_120_PROGRESS.md (title: "Waqti Runtime — Multi-Token KVCache Correctness Harness")	2406	eacff9ee34c8041b9353487888f20e5ede1f525925f9a959b50093743e7b4f75	Other	PRESENT_UNMODIFIED
2026-09-27T11:55:19Z	recovered-artifacts/014_transformer_layer.h	2414	05afe5693212b8f5b5d59f6812608a862f8661bc28ace0273027c91aac362a8c	C/C++ header	PRESENT_UNMODIFIED
2026-09-27T11:55:19Z	recovered-artifacts/015_multitoken_probe.cpp	1326	27d60d18c4d79f52e725bbc109658df84a3fc632927c2c50d174bcd8c566fb78	C++ source	PRESENT_UNMODIFIED
2026-09-27T11:55:19Z	recovered-artifacts/016_attention_reference_tests.cpp	2002	443be2c9de37c588930068f867ad7e7d7e39daa24269683851ef1faff695490c	C++ source	PRESENT_UNMODIFIED
2026-09-27T11:55:19Z	recovered-artifacts/017_gguf_file.cpp	2663	f0a26abe720e3b78575ed8ff20033ba063ee6ff71ea9e5f1467194555ce8fc33	C++ source	PRESENT_UNMODIFIED
2026-09-27T11:55:19Z	recovered-artifacts/018_WAQTI_RUNTIME_110_PROGRESS.md (title: "Waqti Runtime — Layers 1–23 Generic Forward Checkpoint")	3324	b625038955b15dac2ef198e8c2fc098ee72705aa306be4dcd166c9767425de32	Other	PRESENT_UNMODIFIED
2026-09-27T11:55:19Z	recovered-artifacts/019_WAQTI_RUNTIME_ALL_LAYERS_PROGRESS.md (title: "Waqti Runtime — Layers 1–23 Generic Forward Checkpoint")	3324	b625038955b15dac2ef198e8c2fc098ee72705aa306be4dcd166c9767425de32	Other	PRESENT_UNMODIFIED
2026-09-27T11:55:19Z	recovered-artifacts/020_WAQTI_NEXT_TASK_ALL_LAYERS.md (title: "Waqti — Implement Remaining Transformer Blocks 1–23")	8738	fe9fc3ea27853e65a0aeb9ae33ce3beb64bce3c73bf8a98b01b2a29925145b97	Other	PRESENT_UNMODIFIED
2026-09-27T11:55:19Z	recovered-artifacts/021_tensor_decode_tests.cpp	2190	e011c4821561df59ad35de9c58c3a75d523e2e9cef900c36f8a85702e1bb6952	C++ source	PRESENT_UNMODIFIED
2026-09-27T11:55:19Z	recovered-artifacts/022_tensor_decode.cpp	5007	f86e1ed44813fa01ffdbb7b074c97a3c6021c5599a68153d1b7e476ae1b95cf7	C++ source	PRESENT_UNMODIFIED
2026-09-27T11:55:19Z	recovered-artifacts/023_q4_k_dequant.cpp	2820	949457f9d8f217184e4049ef0afaeaff6ff03d90b23fc4cebeb03b0e51137358	C++ source	PRESENT_UNMODIFIED
2026-09-27T11:55:19Z	recovered-artifacts/024_all_layers_probe.cpp	2416	0920eac8e50672f9cb24c23a24be4eb75b9b6afa2f97f9415384aefbab68e7d7	C++ source	PRESENT_UNMODIFIED
2026-09-27T11:55:19Z	recovered-artifacts/025_attention_reference.h	1378	2cc4c4da2e5edf3afef9698afd73e4c816eddfe4dfc50a31cc8c934fd221a907	C/C++ header	PRESENT_UNMODIFIED
2026-09-27T11:55:19Z	recovered-artifacts/026_qwen_reference.cpp	7292	23c9f8203d94927741aedf193adb5be1e6e295288254e3902b2d89366ff40463	C++ source	PRESENT_UNMODIFIED
2026-09-27T11:55:19Z	recovered-artifacts/027_gguf_file.h	1071	5090ea2b6b586249f6d4b2673d56c1a70e5fb5bdb778f55fcb23319b9abb4d5d	C/C++ header	PRESENT_UNMODIFIED
2026-09-27T11:55:19Z	recovered-artifacts/028_qwen_reference.h	1986	641a158f42a40c552fafd6ee344cd05b0f7de3a3dfa37a76e8fb4f8146a19d73	C/C++ header	PRESENT_UNMODIFIED
2026-09-27T11:55:19Z	recovered-artifacts/029_WAQTI_RUNTIME_LOGITS_PROGRESS.md (title: "Waqti Runtime — Final RMSNorm + LM Head + First Logits")	2114	07ebdc3e037661d4d66166d234101a9d9e7cde260fad23507ee1a2f02e064c5c	Other	PRESENT_UNMODIFIED
2026-09-27T11:55:19Z	recovered-artifacts/030_qwen_reference_tests.cpp	2987	52c970844230383bd3869a4951ec75abf67b7744bb44752875d6202279c1a864	C++ source	PRESENT_UNMODIFIED
2026-09-27T11:55:19Z	recovered-artifacts/031_WAQTI_NEXT_TASK_FINAL_LOGITS.md (title: "Waqti — Continue From Layer 0 Verified: Final RMSNorm + LM Head + First Logits")	8932	57644a8ff26a2a9bb92f96e9bfe55676eb3dd61addd8ca8f54c7860bc2d24456	Other	PRESENT_UNMODIFIED
2026-09-27T11:55:19Z	recovered-artifacts/032_WAQTI_RUNTIME_100_PROGRESS.md (title: "Waqti Runtime — Layer 0 Attention+MLP Checkpoint")	2512	126dee9d6114fdcf3c4c94b20cdffe18f3a9cb940d61027ea78079dd500d2aa9	Other	PRESENT_UNMODIFIED
2026-09-27T11:55:19Z	recovered-artifacts/033_WAQTI_NEXT_TASK_MLP_RESIDUAL.md (title: "Waqti — Continue From Checkpoint 95: Post-Attention RMSNorm + Qwen MLP + Second Residual")	8643	5112a3c1663d2dbd2fdf46d04653fe10a37ea46c95cb194f5f25caf7839c53db	Other	PRESENT_UNMODIFIED
2026-09-27T11:55:19Z	recovered-artifacts/034_WAQTI_RUNTIME_95_PROGRESS.md (title: "Waqti Runtime — 95% Checkpoint")	1870	89211eaa4abb9ea0fc45e69f31c6f286a12355a9948631db52fe424120aefd52	Other	PRESENT_UNMODIFIED
2026-09-27T11:55:19Z	recovered-artifacts/035_WAQTI_NEXT_TASK_OUTPUT_RESIDUAL.md (title: "Waqti — Continue From Checkpoint 90: Attention Output Projection + Residual")	5650	5e9c999e8ab19c2a27a2c1d0855719761bfc428b604ea497a7c075e1254eecb7	Other	PRESENT_UNMODIFIED
2026-09-27T11:55:19Z	recovered-artifacts/036_WAQTI_RUNTIME_90_PROGRESS.md (title: "Waqti Runtime — 90% Checkpoint")	1519	93c8ce46f17ebdf8637def71b2d5afbdaae46cba1053db65d6619f31b5091d80	Other	PRESENT_UNMODIFIED
2026-09-27T11:55:19Z	recovered-artifacts/037_WAQTI_NEXT_TASK_ATTENTION_ROPE.md (title: "NEXT OBJECTIVE")	6536	d2a47668739611229dd2ae4c757e41d4f214059b559bf0bdeb160013a066c72d	Other	PRESENT_UNMODIFIED
2026-09-27T11:55:19Z	recovered-artifacts/038_WAQTI_RUNTIME_85_PROGRESS.md (title: "Waqti Runtime — 85% Checkpoint")	1682	8dd5ec2f729d21931480e2b3901c380c6e6dfd2ab3541398a2ced74785e254be	Other	PRESENT_UNMODIFIED
2026-09-27T11:55:19Z	recovered-artifacts/039_WAQTI_NEXT_TASK_QKV_PROJECTION.md (title: "Phase 1 — Reference Matrix × Vector")	6471	bdc250e0a659b1be5bbf58595e2e570bc48d8cbd465b51c4d89bf958defc976c	Other	PRESENT_UNMODIFIED
2026-09-27T11:55:19Z	recovered-artifacts/040_WAQTI_RUNTIME_80_PROGRESS.md (title: "Waqti Runtime — 80% Checkpoint")	1433	0238e9125d16cb62e23d88f052c59706c3eaa79b0e4c98d02b6fa70ec7848b5e	Other	PRESENT_UNMODIFIED
2026-09-27T11:55:19Z	recovered-artifacts/041_WAQTI_NEXT_TASK_QWEN_FORWARD_FOUNDATION.md (title: "1. Model Tensor Accessor")	3985	43a82785f60e7929594121763c2f9dcaf2b269459775688b14cb7d1f4a10df6f	Other	PRESENT_UNMODIFIED
2026-09-27T11:55:19Z	recovered-artifacts/042_tokenizer.h	845	dce6dbaf2e77a04405ce7dee661b6e6887f4c8ed4df21ebf61ae052463cab9c3	C/C++ header	PRESENT_UNMODIFIED
2026-09-27T11:55:19Z	recovered-artifacts/043_runtime_primitives_tests.cpp	1240	c0dc984387f5d65318fc1f3263937a2f4c28c842ad330c090bcc10b54e891466	C++ source	PRESENT_UNMODIFIED
2026-09-27T11:55:19Z	recovered-artifacts/044_tensor_primitives.h	501	ff1c471071754871d3f8049b318a85801bf6039b1910cb42f0c47dbb8efdd9a5	C/C++ header	PRESENT_UNMODIFIED
2026-09-27T11:55:19Z	recovered-artifacts/045_WAQTI_RUNTIME_75_PROGRESS.md (title: "Waqti Runtime — 75% Checkpoint")	1434	384d273dfd21b903497ee1f2d8c80d4a4fe33b65e7505ed01eecfcae6a7fc418	Other	PRESENT_UNMODIFIED
2026-09-27T11:55:19Z	recovered-artifacts/046_gguf_reader.cpp	11770	6852886c8b195f5988476f93aae7e2d11cf4ebb854e22025852dd22bce616bf1	C++ source	PRESENT_UNMODIFIED
2026-09-27T11:55:19Z	recovered-artifacts/047_gguf_reader.h	1583	16bd8b3912d3c49564f4e5c0d0f75ea944ebf0e33f56b5acddf0eb68c7a5b81c	C/C++ header	PRESENT_UNMODIFIED
2026-09-27T11:55:19Z	recovered-artifacts/048_tensor_decode.h	487	2ec3afe67a875bdd5225e760e3d9a7d2783cd8366be76633c34bbd7230e7b457	C/C++ header	PRESENT_UNMODIFIED
2026-09-27T11:55:19Z	recovered-artifacts/049_q4_k_dequant.h	420	40420d1bf58e244bc43509b2adb150e5ad3b7f8b1d2b0c4c480e54d02876cbe0	C/C++ header	PRESENT_UNMODIFIED
2026-09-27T11:55:19Z	recovered-artifacts/050_WAQTI_RUNTIME_70_PROGRESS.md (title: "Waqti Runtime — 70% Checkpoint")	1403	4a1c0df4e981e48d0746c618a8c734c06ebb17b0d0481708760ad3a53294a499	Other	PRESENT_UNMODIFIED
2026-09-27T11:55:19Z	recovered-artifacts/051_q4_k_dequant_tests.cpp	839	fb41dbc61beb4484a9b36a54320890e13934449458a410dcd2ea9bbddea196f1	C++ source	PRESENT_UNMODIFIED
2026-09-27T11:55:19Z	recovered-artifacts/052_WAQTI_NEXT_TASK_QWEN_INFERENCE.md (title: "WAQTI NEXT TASK — FIRST REAL QWEN INFERENCE VERTICAL SLICE")	8768	15e66aca9dc240b1b8af3771e53ca263fb37535cb9a5d0331e482492550b3fae	Other	PRESENT_UNMODIFIED
2026-09-27T11:55:19Z	recovered-artifacts/053_matmul_benchmark.cpp	1011	84a9ac6f4d1da74e586d61caea3fddc609a8fc5aa70d1e6d647194544f443f4d	C++ source	PRESENT_UNMODIFIED
2026-09-27T11:55:19Z	recovered-artifacts/054_WAQTI_DEVICE_PROFILE.md (title: "Waqti Device Profile — Redmi Turbo 4 Pro")	3794	a29c8f8a52b142d64c58236fe4d0e87fc4e2a4e2a4229f25ee629dcd16c1db90	Other	PRESENT_UNMODIFIED
2026-09-27T11:55:19Z	recovered-artifacts/055_WaqtiDeviceProfile.kt	2880	421f07c3d56398eaa56f710449d81faa58d0b96ac7af75c7c384a49bb40e4f90	Kotlin source	PRESENT_UNMODIFIED
2026-09-27T11:55:19Z	recovered-artifacts/056_CMakeLists.txt	2514	89ccf3ac514bce27ae864d17c2a24fa12f336fb052c46417a3111eb5ec9900fc	Text	PRESENT_UNMODIFIED
2026-09-27T11:55:19Z	recovered-artifacts/057_SKILL.md	16000	cab512519fe5cc1f7a5c9a30c7f37e4fa882a4d072b8a1df206d333655314c56	Markdown	PRESENT_UNMODIFIED
2026-09-27T11:55:19Z	recovered-artifacts/058_SKILL.md	7112	e1f4efb49122a125cf68b933c6efb39d60a788da5503fb8fec54dcaeb967da60	Markdown	PRESENT_UNMODIFIED
2026-09-27T11:55:19Z	recovered-artifacts/059_README.md (title: "Waqti Experimental Lab")	1374	dbda60cd5202926aeba4e4ed8b4f9f293c4885639965dd64b5c447b036b77d89	Other	PRESENT_UNMODIFIED
2026-09-27T11:55:19Z	recovered-artifacts/060_WAQTI_EXPERIMENTAL_RESEARCH_DIRECTIVE.md (title: "WAQTI — EXPERIMENTAL RESEARCH & MVP ACCELERATION DIRECTIVE")	18826	4bc71aae2623d783276cd10198188471731bfe91637bbe57fa59943a6251bad0	Other	PRESENT_UNMODIFIED
2026-09-27T11:55:19Z	recovered-artifacts/061_pasted_content.txt	5896	56f51577a030dda2cbadbc7b635acd2404a442d54abedd0bc9251f44e6da8340	Text	PRESENT_UNMODIFIED
2026-09-27T11:55:19Z	recovered-artifacts/062_gguf_reader_tests.cpp	1628	4fed600d4634d7b56c45fec31c2898ff173e46a156ba74ff0a9859a840e41fef	C++ source	PRESENT_UNMODIFIED
2026-09-27T11:55:19Z	recovered-artifacts/063_tokenizer.cpp	2671	e46df9e75827d5e1499952a5fe76e1cfd4cdb0ef80b690dae36f1ccd5368b452	C++ source	PRESENT_UNMODIFIED
2026-09-27T11:55:19Z	recovered-artifacts/064_NativeGgufInspectorTest.kt	1509	b5d838a696a07cf7eac15a649a6eec9ed032d4cd98c58f2b0e345fb4f51e3a61	Kotlin source	PRESENT_UNMODIFIED
2026-09-27T11:55:19Z	recovered-artifacts/065_toy_dense_model.cpp	1892	eaaf0d1f85d565366b5f5c5a7ed21974ab71ee2dba07833866ab3a0091f6edf8	C++ source	PRESENT_UNMODIFIED
2026-09-27T11:55:19Z	recovered-artifacts/066_tensor_primitives.cpp	1753	e7f412bc568f6f4c12681b84233944841f544899e05e55c625227e40a570f3ff	C++ source	PRESENT_UNMODIFIED
2026-09-27T11:55:19Z	recovered-artifacts/067_WAQTI_RUNTIME_65_PROGRESS.md (title: "Waqti Runtime — 65% Progress Checkpoint")	1552	2fa671b792355d6a6faf3b719a6e4cfbb7540f3f77d1b4c3a1a878ed1a0f80eb	Other	PRESENT_UNMODIFIED
2026-09-27T11:55:19Z	recovered-artifacts/068_toy_dense_model_tests.cpp	665	38087244d59437a409e5ff5965631f941e4f52e8a6a77a57c68916d3965c4a11	C++ source	PRESENT_UNMODIFIED
2026-09-27T11:55:19Z	recovered-artifacts/069_toy_dense_model.h	617	58e182f830a704b171e6855e410dc8831b355ec07af740c4a42d2bfd53618b87	C/C++ header	PRESENT_UNMODIFIED
2026-09-27T11:55:19Z	recovered-artifacts/070_proguard-rules.pro	3536	dec7416dbe3087673f0ed629585b2321a24c0324950c59e3831e2417143d98ea	ProGuard rules	PRESENT_UNMODIFIED
2026-09-27T11:55:19Z	recovered-artifacts/071_build.gradle	13912	258378a69c436fa935e5458f500b1822cb63df2cd12fe9d4de123ccd33424fa9	Gradle script	PRESENT_UNMODIFIED
2026-09-27T11:55:19Z	recovered-artifacts/072_NativeGgufInspector.kt	731	84ab74bfd8371f697498df643161dc08996393f938d646ed7514a88ca1146041	Kotlin source	PRESENT_UNMODIFIED
2026-09-27T11:55:19Z	recovered-artifacts/073_native_bridge.cpp	2462	d9440edb40fecd63e15d56b66154f511f2640ee641e4f017094883662c880283	C++ source	PRESENT_UNMODIFIED
2026-09-27T11:55:19Z	recovered-artifacts/074_LLMProvider.kt	3975	a0e780025aeaefefcedcac289e57653ee772b06cb49675e771f40b006fb675f8	Kotlin source	PRESENT_UNMODIFIED
2026-09-27T11:55:19Z	recovered-artifacts/075_ModelImporter.kt	1324	0ed46ac0e75b6d8c4411220d27acbceb5212f5ac6db514337d2c6233b9ba1cf7	Kotlin source	PRESENT_UNMODIFIED
2026-09-27T11:55:19Z	recovered-artifacts/076_ModelRepository.kt	21964	0c7dc1604d420377153b7bc8f9d8d2ea009b7df1cb2c07c0e57a49fca35bf168	Kotlin source	PRESENT_UNMODIFIED
2026-09-27T11:55:19Z	recovered-artifacts/077_ModelRuntime.kt	384	1eb54db17fb6893e480473e9c44317b83e9bb1bd5df5f459875eac2d05ff8b92	Kotlin source	PRESENT_UNMODIFIED
2026-09-27T11:55:19Z	recovered-artifacts/078_WAQTI_MASTER_HANDOFF.md	22447	262bd5ede409e8293959d6cc02b5a02c2315dfcc78a48026757e6301aca5a31b	Markdown	PRESENT_UNMODIFIED
2026-09-27T11:55:19Z	recovered-artifacts/079_تقرير_التقدّم_وتسليم_الاستئناف_—_Waqti_Runtime.md	13940	21c4a917940400154eec75abce7db5318c17f17bf460ca0a574fa58570a99221	Markdown	PRESENT_UNMODIFIED
